sector,scenario,language,voice,label,filename,file_path,duration_sec,transcript
retail,order_modification,hi,hi-IN-SwaraNeural,spoof,retail_spoof_address_change_hi.wav,data/sectors/retail/spoof/retail_spoof_address_change_hi.wav,11.9,"नमस्ते, मुझे अपने अमेज़न ऑर्डर नंबर 4489 का डिलीवरी पता तुरंत बदलना है। कृपया इसे नए पते पर भेज दीजिए।"
retail,customer_care,en,en-IN-NeerjaNeural,bonafide,retail_bonafide_inquiry_en.wav,data/sectors/retail/bonafide/retail_bonafide_inquiry_en.wav,7.13,"Hello, I am calling customer support to check the estimated dispatch date for my recent purchase."
retail,order_modification,ta,ta-IN-PallaviNeural,spoof,retail_spoof_refund_redirect_ta.wav,data/sectors/retail/spoof/retail_spoof_refund_redirect_ta.wav,5.66,"வணக்கம், எனது ஆர்டர் பணத்தை வேறு வங்கிக் கணக்கிற்கு மாற்றுமாறு கேட்டுக்கொள்கிறேன்."
hospitality,vip_booking,ta,ta-IN-ValluvarNeural,spoof,hospitality_spoof_vip_folio_ta.wav,data/sectors/hospitality/spoof/hospitality_spoof_vip_folio_ta.wav,9.14,"வணக்கம், நான் பிரசிடென்ஷியல் சூட் 702ல் இருந்து பேசுகிறேன். இன்றைய சொகுசு கார் கட்டணத்தை என் அறை கணக்கில் சேர்க்கவும்."
hospitality,guest_verification,en,en-IN-PrabhatNeural,bonafide,hospitality_bonafide_reservation_en.wav,data/sectors/hospitality/bonafide/hospitality_bonafide_reservation_en.wav,8.59,"Good afternoon, I would like to confirm my dining reservation at the hotel restaurant for tonight at eight PM."
hospitality,reservation_change,hi,hi-IN-MadhurNeural,spoof,hospitality_spoof_suite_cancel_hi.wav,data/sectors/hospitality/spoof/hospitality_spoof_suite_cancel_hi.wav,8.04,"नमस्ते, ताज पैलेस में मेरी कल की लक्ज़री सुइट बुकिंग तुरंत रद्द कर दीजिए और रिफंड ट्रांसफर करें।"
entertainment,voice_authenticity,hi,hi-IN-MadhurNeural,spoof,entertainment_spoof_celebrity_dub_hi.wav,data/sectors/entertainment/spoof/entertainment_spoof_celebrity_dub_hi.wav,9.12,"इस नई ब्लॉकबस्टर फिल्म की डबिंग केवल मेरी अनुमति से ही रिलीज़ की जा सकती है, यह मेरी आधिकारिक आवाज है।"
entertainment,dubbing_verification,en,en-IN-NeerjaNeural,bonafide,entertainment_bonafide_studio_stem_en.wav,data/sectors/entertainment/bonafide/entertainment_bonafide_studio_stem_en.wav,7.61,This audio stem is recorded inside the certified sound studio for official theatrical ADR release.
entertainment,speaker_comparison,ta,ta-IN-PallaviNeural,spoof,entertainment_spoof_artist_clone_ta.wav,data/sectors/entertainment/spoof/entertainment_spoof_artist_clone_ta.wav,6.38,இந்த விளம்பரக் குரல் எனது அதிகாரப்பூர்வ ஸ்டுடியோ பதிவிலிருந்து அனுமதியின்றி நகலெடுக்கப்பட்டது.
finance,high_value_transfer,hi,hi-IN-MadhurNeural,spoof,finance_spoof_rtgs_transfer_hi.wav,data/sectors/finance/spoof/finance_spoof_rtgs_transfer_hi.wav,8.57,कृपया मेरे खाते से पांच लाख पच्चीस हजार रुपये का आरटीजीएस ट्रांसफर नए लाभार्थी को तुरंत प्रोसेस करें।
finance,customer_verification,en,en-IN-PrabhatNeural,bonafide,finance_bonafide_balance_inquiry_en.wav,data/sectors/finance/bonafide/finance_bonafide_balance_inquiry_en.wav,7.06,"Hello, I am calling to check my monthly savings account statement and pending interest credit."
finance,account_recovery,hi,hi-IN-SwaraNeural,spoof,finance_spoof_account_recovery_hi.wav,data/sectors/finance/spoof/finance_spoof_account_recovery_hi.wav,8.78,"नमस्ते, मैं अपना नेट बैंकिंग पासवर्ड भूल गया हूँ, कृपया मेरे नए फोन नंबर पर रिसेट लिंक भेजिए।"
